Workbook

Sheet Scoreboard
A1: MODEL SCOREBOARD
A2: Close-in-range hit rate for each model variant, per instrument. The point of splitting by model: see which gives the best edge-vs-width tradeoff. Lower PI is tightest (highest credit, lowest hit rate); Effective is widest (lowest credit, highest hit rate).
A4: WEEKLY HAR
A5: Instrument | B5: Weeks Scored | C5: Lower PI Hit% | D5: Point Hit% | E5: 80% PI Hit% | F5: Eff Hit%
A6: SPX | B6: =COUNTIFS('Weekly Model Ranges'!$B$6:$B$53,A6,'Weekly Model Ranges'!$Q$6:$Q$53,TRUE())+COUNTIFS('Weekly Model Ranges'!$B$6:$B$53,A6,'Weekly Model Ranges'!$Q$6:$Q$53,FALSE()) | C6: =IF((COUNTIFS('Weekly Model Ranges'!$B$6:$B$53,A6,'Weekly Model Ranges'!$O$6:$O$53,TRUE())+COUNTIFS('Weekly Model Ranges'!$B$6:$B$53,A6,'Weekly Model Ranges'!$O$6:$O$53,FALSE()))=0,"",COUNTIFS('Weekly Model Ranges'!$B$6:$B$53,A6,'Weekly Model Ranges'!$O$6:$O$53,TRUE())/(COUNTIFS('Weekly Model Ranges'!$B$6:$B$53,A6,'Weekly Model Ranges'!$O$6:$O$53,TRUE())+COUNTIFS('Weekly Model Ranges'!$B$6:$B$53,A6,'Weekly Model Ranges'!$O$6:$O$53,FALSE()))) | D6: =IF((COUNTIFS('Weekly Model Ranges'!$B$6:$B$53,A6,'Weekly Model Ranges'!$P$6:$P$53,TRUE())+COUNTIFS('Weekly Model Ranges'!$B$6:$B$53,A6,'Weekly Model Ranges'!$P$6:$P$53,FALSE()))=0,"",COUNTIFS('Weekly Model Ranges'!$B$6:$B$53,A6,'Weekly Model Ranges'!$P$6:$P$53,TRUE())/(COUNTIFS('Weekly Model Ranges'!$B$6:$B$53,A6,'Weekly Model Ranges'!$P$6:$P$53,TRUE())+COUNTIFS('Weekly Model Ranges'!$B$6:$B$53,A6,'Weekly Model Ranges'!$P$6:$P$53,FALSE()))) | E6: =IF((COUNTIFS('Weekly Model Ranges'!$B$6:$B$53,A6,'Weekly Model Ranges'!$Q$6:$Q$53,TRUE())+COUNTIFS('Weekly Model Ranges'!$B$6:$B$53,A6,'Weekly Model Ranges'!$Q$6:$Q$53,FALSE()))=0,"",COUNTIFS('Weekly Model Ranges'!$B$6:$B$53,A6,'Weekly Model Ranges'!$Q$6:$Q$53,TRUE())/(COUNTIFS('Weekly Model Ranges'!$B$6:$B$53,A6,'Weekly Model Ranges'!$Q$6:$Q$53,TRUE())+COUNTIFS('Weekly Model Ranges'!$B$6:$B$53,A6,'Weekly Model Ranges'!$Q$6:$Q$53,FALSE()))) | F6: =IF((COUNTIFS('Weekly Model Ranges'!$B$6:$B$53,A6,'Weekly Model Ranges'!$R$6:$R$53,TRUE())+COUNTIFS('Weekly Model Ranges'!$B$6:$B$53,A6,'Weekly Model Ranges'!$R$6:$R$53,FALSE()))=0,"",COUNTIFS('Weekly Model Ranges'!$B$6:$B$53,A6,'Weekly Model Ranges'!$R$6:$R$53,TRUE())/(COUNTIFS('Weekly Model Ranges'!$B$6:$B$53,A6,'Weekly Model Ranges'!$R$6:$R$53,TRUE())+COUNTIFS('Weekly Model Ranges'!$B$6:$B$53,A6,'Weekly Model Ranges'!$R$6:$R$53,FALSE())))
A7: QQQ | B7: =COUNTIFS('Weekly Model Ranges'!$B$6:$B$53,A7,'Weekly Model Ranges'!$Q$6:$Q$53,TRUE())+COUNTIFS('Weekly Model Ranges'!$B$6:$B$53,A7,'Weekly Model Ranges'!$Q$6:$Q$53,FALSE()) | C7: =IF((COUNTIFS('Weekly Model Ranges'!$B$6:$B$53,A7,'Weekly Model Ranges'!$O$6:$O$53,TRUE())+COUNTIFS('Weekly Model Ranges'!$B$6:$B$53,A7,'Weekly Model Ranges'!$O$6:$O$53,FALSE()))=0,"",COUNTIFS('Weekly Model Ranges'!$B$6:$B$53,A7,'Weekly Model Ranges'!$O$6:$O$53,TRUE())/(COUNTIFS('Weekly Model Ranges'!$B$6:$B$53,A7,'Weekly Model Ranges'!$O$6:$O$53,TRUE())+COUNTIFS('Weekly Model Ranges'!$B$6:$B$53,A7,'Weekly Model Ranges'!$O$6:$O$53,FALSE()))) | D7: =IF((COUNTIFS('Weekly Model Ranges'!$B$6:$B$53,A7,'Weekly Model Ranges'!$P$6:$P$53,TRUE())+COUNTIFS('Weekly Model Ranges'!$B$6:$B$53,A7,'Weekly Model Ranges'!$P$6:$P$53,FALSE()))=0,"",COUNTIFS('Weekly Model Ranges'!$B$6:$B$53,A7,'Weekly Model Ranges'!$P$6:$P$53,TRUE())/(COUNTIFS('Weekly Model Ranges'!$B$6:$B$53,A7,'Weekly Model Ranges'!$P$6:$P$53,TRUE())+COUNTIFS('Weekly Model Ranges'!$B$6:$B$53,A7,'Weekly Model Ranges'!$P$6:$P$53,FALSE()))) | E7: =IF((COUNTIFS('Weekly Model Ranges'!$B$6:$B$53,A7,'Weekly Model Ranges'!$Q$6:$Q$53,TRUE())+COUNTIFS('Weekly Model Ranges'!$B$6:$B$53,A7,'Weekly Model Ranges'!$Q$6:$Q$53,FALSE()))=0,"",COUNTIFS('Weekly Model Ranges'!$B$6:$B$53,A7,'Weekly Model Ranges'!$Q$6:$Q$53,TRUE())/(COUNTIFS('Weekly Model Ranges'!$B$6:$B$53,A7,'Weekly Model Ranges'!$Q$6:$Q$53,TRUE())+COUNTIFS('Weekly Model Ranges'!$B$6:$B$53,A7,'Weekly Model Ranges'!$Q$6:$Q$53,FALSE()))) | F7: =IF((COUNTIFS('Weekly Model Ranges'!$B$6:$B$53,A7,'Weekly Model Ranges'!$R$6:$R$53,TRUE())+COUNTIFS('Weekly Model Ranges'!$B$6:$B$53,A7,'Weekly Model Ranges'!$R$6:$R$53,FALSE()))=0,"",COUNTIFS('Weekly Model Ranges'!$B$6:$B$53,A7,'Weekly Model Ranges'!$R$6:$R$53,TRUE())/(COUNTIFS('Weekly Model Ranges'!$B$6:$B$53,A7,'Weekly Model Ranges'!$R$6:$R$53,TRUE())+COUNTIFS('Weekly Model Ranges'!$B$6:$B$53,A7,'Weekly Model Ranges'!$R$6:$R$53,FALSE())))
A8: AMZN | B8: =COUNTIFS('Weekly Model Ranges'!$B$6:$B$53,A8,'Weekly Model Ranges'!$Q$6:$Q$53,TRUE())+COUNTIFS('Weekly Model Ranges'!$B$6:$B$53,A8,'Weekly Model Ranges'!$Q$6:$Q$53,FALSE()) | C8: =IF((COUNTIFS('Weekly Model Ranges'!$B$6:$B$53,A8,'Weekly Model Ranges'!$O$6:$O$53,TRUE())+COUNTIFS('Weekly Model Ranges'!$B$6:$B$53,A8,'Weekly Model Ranges'!$O$6:$O$53,FALSE()))=0,"",COUNTIFS('Weekly Model Ranges'!$B$6:$B$53,A8,'Weekly Model Ranges'!$O$6:$O$53,TRUE())/(COUNTIFS('Weekly Model Ranges'!$B$6:$B$53,A8,'Weekly Model Ranges'!$O$6:$O$53,TRUE())+COUNTIFS('Weekly Model Ranges'!$B$6:$B$53,A8,'Weekly Model Ranges'!$O$6:$O$53,FALSE()))) | D8: =IF((COUNTIFS('Weekly Model Ranges'!$B$6:$B$53,A8,'Weekly Model Ranges'!$P$6:$P$53,TRUE())+COUNTIFS('Weekly Model Ranges'!$B$6:$B$53,A8,'Weekly Model Ranges'!$P$6:$P$53,FALSE()))=0,"",COUNTIFS('Weekly Model Ranges'!$B$6:$B$53,A8,'Weekly Model Ranges'!$P$6:$P$53,TRUE())/(COUNTIFS('Weekly Model Ranges'!$B$6:$B$53,A8,'Weekly Model Ranges'!$P$6:$P$53,TRUE())+COUNTIFS('Weekly Model Ranges'!$B$6:$B$53,A8,'Weekly Model Ranges'!$P$6:$P$53,FALSE()))) | E8: =IF((COUNTIFS('Weekly Model Ranges'!$B$6:$B$53,A8,'Weekly Model Ranges'!$Q$6:$Q$53,TRUE())+COUNTIFS('Weekly Model Ranges'!$B$6:$B$53,A8,'Weekly Model Ranges'!$Q$6:$Q$53,FALSE()))=0,"",COUNTIFS('Weekly Model Ranges'!$B$6:$B$53,A8,'Weekly Model Ranges'!$Q$6:$Q$53,TRUE())/(COUNTIFS('Weekly Model Ranges'!$B$6:$B$53,A8,'Weekly Model Ranges'!$Q$6:$Q$53,TRUE())+COUNTIFS('Weekly Model Ranges'!$B$6:$B$53,A8,'Weekly Model Ranges'!$Q$6:$Q$53,FALSE()))) | F8: =IF((COUNTIFS('Weekly Model Ranges'!$B$6:$B$53,A8,'Weekly Model Ranges'!$R$6:$R$53,TRUE())+COUNTIFS('Weekly Model Ranges'!$B$6:$B$53,A8,'Weekly Model Ranges'!$R$6:$R$53,FALSE()))=0,"",COUNTIFS('Weekly Model Ranges'!$B$6:$B$53,A8,'Weekly Model Ranges'!$R$6:$R$53,TRUE())/(COUNTIFS('Weekly Model Ranges'!$B$6:$B$53,A8,'Weekly Model Ranges'!$R$6:$R$53,TRUE())+COUNTIFS('Weekly Model Ranges'!$B$6:$B$53,A8,'Weekly Model Ranges'!$R$6:$R$53,FALSE())))
A9: AMD | B9: =COUNTIFS('Weekly Model Ranges'!$B$6:$B$53,A9,'Weekly Model Ranges'!$Q$6:$Q$53,TRUE())+COUNTIFS('Weekly Model Ranges'!$B$6:$B$53,A9,'Weekly Model Ranges'!$Q$6:$Q$53,FALSE()) | C9: =IF((COUNTIFS('Weekly Model Ranges'!$B$6:$B$53,A9,'Weekly Model Ranges'!$O$6:$O$53,TRUE())+COUNTIFS('Weekly Model Ranges'!$B$6:$B$53,A9,'Weekly Model Ranges'!$O$6:$O$53,FALSE()))=0,"",COUNTIFS('Weekly Model Ranges'!$B$6:$B$53,A9,'Weekly Model Ranges'!$O$6:$O$53,TRUE())/(COUNTIFS('Weekly Model Ranges'!$B$6:$B$53,A9,'Weekly Model Ranges'!$O$6:$O$53,TRUE())+COUNTIFS('Weekly Model Ranges'!$B$6:$B$53,A9,'Weekly Model Ranges'!$O$6:$O$53,FALSE()))) | D9: =IF((COUNTIFS('Weekly Model Ranges'!$B$6:$B$53,A9,'Weekly Model Ranges'!$P$6:$P$53,TRUE())+COUNTIFS('Weekly Model Ranges'!$B$6:$B$53,A9,'Weekly Model Ranges'!$P$6:$P$53,FALSE()))=0,"",COUNTIFS('Weekly Model Ranges'!$B$6:$B$53,A9,'Weekly Model Ranges'!$P$6:$P$53,TRUE())/(COUNTIFS('Weekly Model Ranges'!$B$6:$B$53,A9,'Weekly Model Ranges'!$P$6:$P$53,TRUE())+COUNTIFS('Weekly Model Ranges'!$B$6:$B$53,A9,'Weekly Model Ranges'!$P$6:$P$53,FALSE()))) | E9: =IF((COUNTIFS('Weekly Model Ranges'!$B$6:$B$53,A9,'Weekly Model Ranges'!$Q$6:$Q$53,TRUE())+COUNTIFS('Weekly Model Ranges'!$B$6:$B$53,A9,'Weekly Model Ranges'!$Q$6:$Q$53,FALSE()))=0,"",COUNTIFS('Weekly Model Ranges'!$B$6:$B$53,A9,'Weekly Model Ranges'!$Q$6:$Q$53,TRUE())/(COUNTIFS('Weekly Model Ranges'!$B$6:$B$53,A9,'Weekly Model Ranges'!$Q$6:$Q$53,TRUE())+COUNTIFS('Weekly Model Ranges'!$B$6:$B$53,A9,'Weekly Model Ranges'!$Q$6:$Q$53,FALSE()))) | F9: =IF((COUNTIFS('Weekly Model Ranges'!$B$6:$B$53,A9,'Weekly Model Ranges'!$R$6:$R$53,TRUE())+COUNTIFS('Weekly Model Ranges'!$B$6:$B$53,A9,'Weekly Model Ranges'!$R$6:$R$53,FALSE()))=0,"",COUNTIFS('Weekly Model Ranges'!$B$6:$B$53,A9,'Weekly Model Ranges'!$R$6:$R$53,TRUE())/(COUNTIFS('Weekly Model Ranges'!$B$6:$B$53,A9,'Weekly Model Ranges'!$R$6:$R$53,TRUE())+COUNTIFS('Weekly Model Ranges'!$B$6:$B$53,A9,'Weekly Model Ranges'!$R$6:$R$53,FALSE())))
A10: ALL | B10: =SUM(B6:B9) | C10: =IF((COUNTIFS('Weekly Model Ranges'!$B$6:$B$53,"<>",'Weekly Model Ranges'!$O$6:$O$53,TRUE())+COUNTIFS('Weekly Model Ranges'!$B$6:$B$53,"<>",'Weekly Model Ranges'!$O$6:$O$53,FALSE()))=0,"",COUNTIF('Weekly Model Ranges'!$O$6:$O$53,TRUE())/(COUNTIFS('Weekly Model Ranges'!$B$6:$B$53,"<>",'Weekly Model Ranges'!$O$6:$O$53,TRUE())+COUNTIFS('Weekly Model Ranges'!$B$6:$B$53,"<>",'Weekly Model Ranges'!$O$6:$O$53,FALSE()))) | D10: =IF((COUNTIFS('Weekly Model Ranges'!$B$6:$B$53,"<>",'Weekly Model Ranges'!$P$6:$P$53,TRUE())+COUNTIFS('Weekly Model Ranges'!$B$6:$B$53,"<>",'Weekly Model Ranges'!$P$6:$P$53,FALSE()))=0,"",COUNTIF('Weekly Model Ranges'!$P$6:$P$53,TRUE())/(COUNTIFS('Weekly Model Ranges'!$B$6:$B$53,"<>",'Weekly Model Ranges'!$P$6:$P$53,TRUE())+COUNTIFS('Weekly Model Ranges'!$B$6:$B$53,"<>",'Weekly Model Ranges'!$P$6:$P$53,FALSE()))) | E10: =IF((COUNTIFS('Weekly Model Ranges'!$B$6:$B$53,"<>",'Weekly Model Ranges'!$Q$6:$Q$53,TRUE())+COUNTIFS('Weekly Model Ranges'!$B$6:$B$53,"<>",'Weekly Model Ranges'!$Q$6:$Q$53,FALSE()))=0,"",COUNTIF('Weekly Model Ranges'!$Q$6:$Q$53,TRUE())/(COUNTIFS('Weekly Model Ranges'!$B$6:$B$53,"<>",'Weekly Model Ranges'!$Q$6:$Q$53,TRUE())+COUNTIFS('Weekly Model Ranges'!$B$6:$B$53,"<>",'Weekly Model Ranges'!$Q$6:$Q$53,FALSE()))) | F10: =IF((COUNTIFS('Weekly Model Ranges'!$B$6:$B$53,"<>",'Weekly Model Ranges'!$R$6:$R$53,TRUE())+COUNTIFS('Weekly Model Ranges'!$B$6:$B$53,"<>",'Weekly Model Ranges'!$R$6:$R$53,FALSE()))=0,"",COUNTIF('Weekly Model Ranges'!$R$6:$R$53,TRUE())/(COUNTIFS('Weekly Model Ranges'!$B$6:$B$53,"<>",'Weekly Model Ranges'!$R$6:$R$53,TRUE())+COUNTIFS('Weekly Model Ranges'!$B$6:$B$53,"<>",'Weekly Model Ranges'!$R$6:$R$53,FALSE())))
A12: HOW TO READ THIS
A13: Each model is a different width. Lower PI = tightest band (richest credit, lowest hit rate). Effective =
A14: widest (your real condor placement, +buffer). The split tells you which width actually pays: a model
A15: only has edge if its hit rate clears the implied probability of the strikes you sell at that width.
A16: Log EVERY week the model fires — including weeks you'd skip. Cherry-picking inflates the rate and lies.
A17: ~20+ scored rows before the number means anything. A green cell is +1 here. That is the reward. The $3k is gone.

Sheet Weekly Model Ranges
A1: HAR MODELS — WEEKLY RANGE FORWARD TEST
A2: One row per instrument per week. Each model variant gives its own Low/High band. Win = weekly CLOSE inside that model's band (intraday wicks ignored — set-and-forget).
G4: LOWER PI (tightest — richest credit) | I4: POINT ESTIMATE (HAR base) | K4: 80% PI UPPER (80% interval) | M4: EFFECTIVE (PI + buffer — your condor) | O4: CLOSE INSIDE? (per model)
A5: Week (Mon) | B5: Instrument | C5: Class | D5: Ref/Open ($) | E5: Weekly Close ($) | F5: Prev Close ($) | G5: Low | H5: High | I5: Low | J5: High | K5: Low | L5: High | M5: Low | N5: High | O5: Lower PI | P5: Point | Q5: 80% PI | R5: Eff | S5: Notes
B6: SPX | C6: Index | O6: =IF(OR(G6="",H6="",E6=""),"",IF(AND(E6>=G6,E6<=H6),TRUE(),FALSE())) | P6: =IF(OR(I6="",J6="",E6=""),"",IF(AND(E6>=I6,E6<=J6),TRUE(),FALSE())) | Q6: =IF(OR(K6="",L6="",E6=""),"",IF(AND(E6>=K6,E6<=L6),TRUE(),FALSE())) | R6: =IF(OR(M6="",N6="",E6=""),"",IF(AND(E6>=M6,E6<=N6),TRUE(),FALSE()))
B7: QQQ | C7: ETF | O7: =IF(OR(G7="",H7="",E7=""),"",IF(AND(E7>=G7,E7<=H7),TRUE(),FALSE())) | P7: =IF(OR(I7="",J7="",E7=""),"",IF(AND(E7>=I7,E7<=J7),TRUE(),FALSE())) | Q7: =IF(OR(K7="",L7="",E7=""),"",IF(AND(E7>=K7,E7<=L7),TRUE(),FALSE())) | R7: =IF(OR(M7="",N7="",E7=""),"",IF(AND(E7>=M7,E7<=N7),TRUE(),FALSE()))
B8: AMZN | C8: Stock | O8: =IF(OR(G8="",H8="",E8=""),"",IF(AND(E8>=G8,E8<=H8),TRUE(),FALSE())) | P8: =IF(OR(I8="",J8="",E8=""),"",IF(AND(E8>=I8,E8<=J8),TRUE(),FALSE())) | Q8: =IF(OR(K8="",L8="",E8=""),"",IF(AND(E8>=K8,E8<=L8),TRUE(),FALSE())) | R8: =IF(OR(M8="",N8="",E8=""),"",IF(AND(E8>=M8,E8<=N8),TRUE(),FALSE()))
B9: AMD | C9: Stock | O9: =IF(OR(G9="",H9="",E9=""),"",IF(AND(E9>=G9,E9<=H9),TRUE(),FALSE())) | P9: =IF(OR(I9="",J9="",E9=""),"",IF(AND(E9>=I9,E9<=J9),TRUE(),FALSE())) | Q9: =IF(OR(K9="",L9="",E9=""),"",IF(AND(E9>=K9,E9<=L9),TRUE(),FALSE())) | R9: =IF(OR(M9="",N9="",E9=""),"",IF(AND(E9>=M9,E9<=N9),TRUE(),FALSE()))
B10: SPX | C10: Index | O10: =IF(OR(G10="",H10="",E10=""),"",IF(AND(E10>=G10,E10<=H10),TRUE(),FALSE())) | P10: =IF(OR(I10="",J10="",E10=""),"",IF(AND(E10>=I10,E10<=J10),TRUE(),FALSE())) | Q10: =IF(OR(K10="",L10="",E10=""),"",IF(AND(E10>=K10,E10<=L10),TRUE(),FALSE())) | R10: =IF(OR(M10="",N10="",E10=""),"",IF(AND(E10>=M10,E10<=N10),TRUE(),FALSE()))
B11: QQQ | C11: ETF | O11: =IF(OR(G11="",H11="",E11=""),"",IF(AND(E11>=G11,E11<=H11),TRUE(),FALSE())) | P11: =IF(OR(I11="",J11="",E11=""),"",IF(AND(E11>=I11,E11<=J11),TRUE(),FALSE())) | Q11: =IF(OR(K11="",L11="",E11=""),"",IF(AND(E11>=K11,E11<=L11),TRUE(),FALSE())) | R11: =IF(OR(M11="",N11="",E11=""),"",IF(AND(E11>=M11,E11<=N11),TRUE(),FALSE()))
B12: AMZN | C12: Stock | O12: =IF(OR(G12="",H12="",E12=""),"",IF(AND(E12>=G12,E12<=H12),TRUE(),FALSE())) | P12: =IF(OR(I12="",J12="",E12=""),"",IF(AND(E12>=I12,E12<=J12),TRUE(),FALSE())) | Q12: =IF(OR(K12="",L12="",E12=""),"",IF(AND(E12>=K12,E12<=L12),TRUE(),FALSE())) | R12: =IF(OR(M12="",N12="",E12=""),"",IF(AND(E12>=M12,E12<=N12),TRUE(),FALSE()))
B13: AMD | C13: Stock | O13: =IF(OR(G13="",H13="",E13=""),"",IF(AND(E13>=G13,E13<=H13),TRUE(),FALSE())) | P13: =IF(OR(I13="",J13="",E13=""),"",IF(AND(E13>=I13,E13<=J13),TRUE(),FALSE())) | Q13: =IF(OR(K13="",L13="",E13=""),"",IF(AND(E13>=K13,E13<=L13),TRUE(),FALSE())) | R13: =IF(OR(M13="",N13="",E13=""),"",IF(AND(E13>=M13,E13<=N13),TRUE(),FALSE()))
B14: SPX | C14: Index | O14: =IF(OR(G14="",H14="",E14=""),"",IF(AND(E14>=G14,E14<=H14),TRUE(),FALSE())) | P14: =IF(OR(I14="",J14="",E14=""),"",IF(AND(E14>=I14,E14<=J14),TRUE(),FALSE())) | Q14: =IF(OR(K14="",L14="",E14=""),"",IF(AND(E14>=K14,E14<=L14),TRUE(),FALSE())) | R14: =IF(OR(M14="",N14="",E14=""),"",IF(AND(E14>=M14,E14<=N14),TRUE(),FALSE()))
B15: QQQ | C15: ETF | O15: =IF(OR(G15="",H15="",E15=""),"",IF(AND(E15>=G15,E15<=H15),TRUE(),FALSE())) | P15: =IF(OR(I15="",J15="",E15=""),"",IF(AND(E15>=I15,E15<=J15),TRUE(),FALSE())) | Q15: =IF(OR(K15="",L15="",E15=""),"",IF(AND(E15>=K15,E15<=L15),TRUE(),FALSE())) | R15: =IF(OR(M15="",N15="",E15=""),"",IF(AND(E15>=M15,E15<=N15),TRUE(),FALSE()))
B16: AMZN | C16: Stock | O16: =IF(OR(G16="",H16="",E16=""),"",IF(AND(E16>=G16,E16<=H16),TRUE(),FALSE())) | P16: =IF(OR(I16="",J16="",E16=""),"",IF(AND(E16>=I16,E16<=J16),TRUE(),FALSE())) | Q16: =IF(OR(K16="",L16="",E16=""),"",IF(AND(E16>=K16,E16<=L16),TRUE(),FALSE())) | R16: =IF(OR(M16="",N16="",E16=""),"",IF(AND(E16>=M16,E16<=N16),TRUE(),FALSE()))
B17: AMD | C17: Stock | O17: =IF(OR(G17="",H17="",E17=""),"",IF(AND(E17>=G17,E17<=H17),TRUE(),FALSE())) | P17: =IF(OR(I17="",J17="",E17=""),"",IF(AND(E17>=I17,E17<=J17),TRUE(),FALSE())) | Q17: =IF(OR(K17="",L17="",E17=""),"",IF(AND(E17>=K17,E17<=L17),TRUE(),FALSE())) | R17: =IF(OR(M17="",N17="",E17=""),"",IF(AND(E17>=M17,E17<=N17),TRUE(),FALSE()))
... B53: AMD | C53: Stock | O53: =IF(OR(G53="",H53="",E53=""),"",IF(AND(E53>=G53,E53<=H53),TRUE(),FALSE())) | P53: =IF(OR(I53="",J53="",E53=""),"",IF(AND(E53>=I53,E53<=J53),TRUE(),FALSE())) | Q53: =IF(OR(K53="",L53="",E53=""),"",IF(AND(E53>=K53,E53<=L53),TRUE(),FALSE())) | R53: =IF(OR(M53="",N53="",E53=""),"",IF(AND(E53>=M53,E53<=N53),TRUE(),FALSE()))
